{
  "rollWidget": {
    "origin": "BOTTOM",
    "offset": {
      "f_82470_": 95.666664,
      "f_82471_": -10.667192
    }
  }
}