{
  "rollWidget": {
    "origin": "BOTTOM_LEFT",
    "offset": {
      "f_82470_": 133.14957,
      "f_82471_": -10.663803
    }
  }
}