{
  "rollWidget": {
    "origin": "BOTTOM",
    "offset": {
      "f_82470_": -263.44135,
      "f_82471_": -12.667641
    }
  }
}