{
  "rollWidget": {
    "origin": "BOTTOM",
    "offset": {
      "field_1343": -137.00012,
      "field_1342": -9.333336
    }
  }
}