{
  "rollWidget": {
    "origin": "BOTTOM",
    "offset": {
      "f_82470_": 115.66883,
      "f_82471_": -10.664719
    }
  }
}